--
-- PostgreSQL database dump
--

\restrict Bvqf326nmdUnX97QBtt5VorP9hhi25wVoMvFoJZCo4PUHIXGxpFYY7LtACBmaAB

-- Dumped from database version 18.3
-- Dumped by pg_dump version 18.3

SET statement_timeout = 0;
SET lock_timeout = 0;
SET idle_in_transaction_session_timeout = 0;
SET transaction_timeout = 0;
SET client_encoding = 'UTF8';
SET standard_conforming_strings = on;
SELECT pg_catalog.set_config('search_path', '', false);
SET check_function_bodies = false;
SET xmloption = content;
SET client_min_messages = warning;
SET row_security = off;

SET default_tablespace = '';

SET default_table_access_method = heap;

--
-- Name: clientes; Type: TABLE; Schema: public; Owner: postgres
--

CREATE TABLE public.clientes (
    id integer NOT NULL,
    nombre_razon_social character varying NOT NULL,
    nit_cc character varying NOT NULL,
    email character varying,
    direccion text,
    notas text
);


ALTER TABLE public.clientes OWNER TO postgres;

--
-- Name: clientes_id_seq; Type: SEQUENCE; Schema: public; Owner: postgres
--

ALTER TABLE public.clientes ALTER COLUMN id ADD GENERATED BY DEFAULT AS IDENTITY (
    SEQUENCE NAME public.clientes_id_seq
    START WITH 1
    INCREMENT BY 1
    NO MINVALUE
    NO MAXVALUE
    CACHE 1
);


--
-- Name: conductores; Type: TABLE; Schema: public; Owner: postgres
--

CREATE TABLE public.conductores (
    id integer NOT NULL,
    nombre character varying NOT NULL,
    documento character varying NOT NULL,
    licencia character varying NOT NULL,
    estado character varying DEFAULT 'Disponible'::character varying
);


ALTER TABLE public.conductores OWNER TO postgres;

--
-- Name: conductores_id_seq; Type: SEQUENCE; Schema: public; Owner: postgres
--

ALTER TABLE public.conductores ALTER COLUMN id ADD GENERATED BY DEFAULT AS IDENTITY (
    SEQUENCE NAME public.conductores_id_seq
    START WITH 1
    INCREMENT BY 1
    NO MINVALUE
    NO MAXVALUE
    CACHE 1
);


--
-- Name: pedidos; Type: TABLE; Schema: public; Owner: postgres
--

CREATE TABLE public.pedidos (
    id integer NOT NULL,
    cliente_id integer NOT NULL,
    origen character varying NOT NULL,
    destino character varying NOT NULL,
    descripcion_mercancia text,
    peso numeric(10,2),
    volumen numeric(10,2),
    fecha_solicitada timestamp without time zone,
    estado character varying DEFAULT 'Pendiente'::character varying
);


ALTER TABLE public.pedidos OWNER TO postgres;

--
-- Name: pedidos_id_seq; Type: SEQUENCE; Schema: public; Owner: postgres
--

ALTER TABLE public.pedidos ALTER COLUMN id ADD GENERATED BY DEFAULT AS IDENTITY (
    SEQUENCE NAME public.pedidos_id_seq
    START WITH 1
    INCREMENT BY 1
    NO MINVALUE
    NO MAXVALUE
    CACHE 1
);


--
-- Name: rutas; Type: TABLE; Schema: public; Owner: postgres
--

CREATE TABLE public.rutas (
    id integer NOT NULL,
    servicio_id integer NOT NULL,
    distancia_km numeric(10,2),
    tiempo_estimado character varying,
    costo_estimado numeric(12,2)
);


ALTER TABLE public.rutas OWNER TO postgres;

--
-- Name: rutas_id_seq; Type: SEQUENCE; Schema: public; Owner: postgres
--

ALTER TABLE public.rutas ALTER COLUMN id ADD GENERATED BY DEFAULT AS IDENTITY (
    SEQUENCE NAME public.rutas_id_seq
    START WITH 1
    INCREMENT BY 1
    NO MINVALUE
    NO MAXVALUE
    CACHE 1
);


--
-- Name: servicios; Type: TABLE; Schema: public; Owner: postgres
--

CREATE TABLE public.servicios (
    id integer NOT NULL,
    pedido_id integer NOT NULL,
    vehiculo_id integer NOT NULL,
    conductor_id integer NOT NULL,
    usuario_asignador_id integer,
    fecha_programada timestamp without time zone,
    fecha_inicio_real timestamp without time zone,
    fecha_fin_real timestamp without time zone,
    estado character varying DEFAULT 'Asignado'::character varying
);


ALTER TABLE public.servicios OWNER TO postgres;

--
-- Name: servicios_id_seq; Type: SEQUENCE; Schema: public; Owner: postgres
--

ALTER TABLE public.servicios ALTER COLUMN id ADD GENERATED BY DEFAULT AS IDENTITY (
    SEQUENCE NAME public.servicios_id_seq
    START WITH 1
    INCREMENT BY 1
    NO MINVALUE
    NO MAXVALUE
    CACHE 1
);


--
-- Name: telefonos; Type: TABLE; Schema: public; Owner: postgres
--

CREATE TABLE public.telefonos (
    id integer NOT NULL,
    numero character varying NOT NULL,
    tipo character varying,
    cliente_id integer,
    conductor_id integer
);


ALTER TABLE public.telefonos OWNER TO postgres;

--
-- Name: telefonos_id_seq; Type: SEQUENCE; Schema: public; Owner: postgres
--

ALTER TABLE public.telefonos ALTER COLUMN id ADD GENERATED BY DEFAULT AS IDENTITY (
    SEQUENCE NAME public.telefonos_id_seq
    START WITH 1
    INCREMENT BY 1
    NO MINVALUE
    NO MAXVALUE
    CACHE 1
);


--
-- Name: users; Type: TABLE; Schema: public; Owner: postgres
--

CREATE TABLE public.users (
    id integer NOT NULL,
    nombre character varying NOT NULL,
    email character varying NOT NULL,
    password_hash character varying NOT NULL,
    rol character varying NOT NULL,
    estado boolean DEFAULT true,
    fecha_creacion timestamp without time zone DEFAULT now(),
    intentos_fallidos integer DEFAULT 0,
    bloqueado_hasta timestamp without time zone
);


ALTER TABLE public.users OWNER TO postgres;

--
-- Name: users_id_seq; Type: SEQUENCE; Schema: public; Owner: postgres
--

ALTER TABLE public.users ALTER COLUMN id ADD GENERATED BY DEFAULT AS IDENTITY (
    SEQUENCE NAME public.users_id_seq
    START WITH 1
    INCREMENT BY 1
    NO MINVALUE
    NO MAXVALUE
    CACHE 1
);


--
-- Name: vehiculos; Type: TABLE; Schema: public; Owner: postgres
--

CREATE TABLE public.vehiculos (
    id integer NOT NULL,
    placa character varying NOT NULL,
    modelo character varying NOT NULL,
    capacidad_toneladas numeric(10,2),
    estado character varying DEFAULT 'Disponible'::character varying,
    fecha_registro timestamp without time zone DEFAULT now()
);


ALTER TABLE public.vehiculos OWNER TO postgres;

--
-- Name: vehiculos_id_seq; Type: SEQUENCE; Schema: public; Owner: postgres
--

ALTER TABLE public.vehiculos ALTER COLUMN id ADD GENERATED BY DEFAULT AS IDENTITY (
    SEQUENCE NAME public.vehiculos_id_seq
    START WITH 1
    INCREMENT BY 1
    NO MINVALUE
    NO MAXVALUE
    CACHE 1
);


--
-- Data for Name: clientes; Type: TABLE DATA; Schema: public; Owner: postgres
--

COPY public.clientes (id, nombre_razon_social, nit_cc, email, direccion, notas) FROM stdin;
1	Transporte Express S.A.	900123456	contacto@express.com	Calle 45 #12-34, Medell¡n	Cliente frecuente
2	Log¡stica del Norte	800987654	info@logistica.com	Av. 80 #45-67, Bogot 	Solicita servicios pesados
\.


--
-- Data for Name: conductores; Type: TABLE DATA; Schema: public; Owner: postgres
--

COPY public.conductores (id, nombre, documento, licencia, estado) FROM stdin;
1	Carlos P‚rez	1020304050	B1234567	Disponible
2	Mar¡a Torres	1122334455	C7654321	Disponible
\.


--
-- Data for Name: pedidos; Type: TABLE DATA; Schema: public; Owner: postgres
--

COPY public.pedidos (id, cliente_id, origen, destino, descripcion_mercancia, peso, volumen, fecha_solicitada, estado) FROM stdin;
1	1	Medell¡n	Bogot 	Electrodom‚sticos	5.50	2.30	2026-05-02 08:00:00	Pendiente
2	2	Bogot 	Barranquilla	Material de construcci¢n	15.00	10.00	2026-05-03 09:30:00	Pendiente
3	1	Medell¡n	Bogot 	Electrodom‚sticos	5.50	2.30	2026-05-02 08:00:00	Pendiente
4	2	Bogot 	Barranquilla	Material de construcci¢n	15.00	10.00	2026-05-03 09:30:00	Pendiente
\.


--
-- Data for Name: rutas; Type: TABLE DATA; Schema: public; Owner: postgres
--

COPY public.rutas (id, servicio_id, distancia_km, tiempo_estimado, costo_estimado) FROM stdin;
5	4	950.00	16h	3200000.00
\.


--
-- Data for Name: servicios; Type: TABLE DATA; Schema: public; Owner: postgres
--

COPY public.servicios (id, pedido_id, vehiculo_id, conductor_id, usuario_asignador_id, fecha_programada, fecha_inicio_real, fecha_fin_real, estado) FROM stdin;
3	1	2	1	1	2026-05-02 07:00:00	\N	\N	Asignado
4	2	1	2	2	2026-05-03 08:30:00	\N	\N	Asignado
\.


--
-- Data for Name: telefonos; Type: TABLE DATA; Schema: public; Owner: postgres
--

COPY public.telefonos (id, numero, tipo, cliente_id, conductor_id) FROM stdin;
1	3001234567	Celular	1	\N
2	6045551234	Fijo	2	\N
3	3001234567	Celular	1	\N
4	6045551234	Fijo	2	\N
5	3019876543	Celular	\N	1
6	3025556677	Celular	\N	2
\.


--
-- Data for Name: users; Type: TABLE DATA; Schema: public; Owner: postgres
--

COPY public.users (id, nombre, email, password_hash, rol, estado, fecha_creacion, intentos_fallidos, bloqueado_hasta) FROM stdin;
2	Laura G¢mez	laura@tobon.com	hash456	Operador	t	2026-05-01 21:09:54.063206	0	\N
3	Juan P‚rez	juan@tobon.com	hash789	Cliente	t	2026-05-01 21:09:54.063206	0	\N
1	Administrador	admin@tobon.com	hash123	Administrador	t	2026-05-01 21:09:54.063206	0	\N
\.


--
-- Data for Name: vehiculos; Type: TABLE DATA; Schema: public; Owner: postgres
--

COPY public.vehiculos (id, placa, modelo, capacidad_toneladas, estado, fecha_registro) FROM stdin;
1	ABC123	Volvo FH	20.00	Disponible	2026-05-01 21:06:44.664714
2	XYZ789	Chevrolet NQR	8.50	Disponible	2026-05-01 21:06:44.664714
\.


--
-- Name: clientes_id_seq; Type: SEQUENCE SET; Schema: public; Owner: postgres
--

SELECT pg_catalog.setval('public.clientes_id_seq', 4, true);


--
-- Name: conductores_id_seq; Type: SEQUENCE SET; Schema: public; Owner: postgres
--

SELECT pg_catalog.setval('public.conductores_id_seq', 3, true);


--
-- Name: pedidos_id_seq; Type: SEQUENCE SET; Schema: public; Owner: postgres
--

SELECT pg_catalog.setval('public.pedidos_id_seq', 4, true);


--
-- Name: rutas_id_seq; Type: SEQUENCE SET; Schema: public; Owner: postgres
--

SELECT pg_catalog.setval('public.rutas_id_seq', 5, true);


--
-- Name: servicios_id_seq; Type: SEQUENCE SET; Schema: public; Owner: postgres
--

SELECT pg_catalog.setval('public.servicios_id_seq', 4, true);


--
-- Name: telefonos_id_seq; Type: SEQUENCE SET; Schema: public; Owner: postgres
--

SELECT pg_catalog.setval('public.telefonos_id_seq', 6, true);


--
-- Name: users_id_seq; Type: SEQUENCE SET; Schema: public; Owner: postgres
--

SELECT pg_catalog.setval('public.users_id_seq', 3, true);


--
-- Name: vehiculos_id_seq; Type: SEQUENCE SET; Schema: public; Owner: postgres
--

SELECT pg_catalog.setval('public.vehiculos_id_seq', 3, true);


--
-- Name: clientes clientes_email_key; Type: CONSTRAINT; Schema: public; Owner: postgres
--

ALTER TABLE ONLY public.clientes
    ADD CONSTRAINT clientes_email_key UNIQUE (email);


--
-- Name: clientes clientes_nit_cc_key; Type: CONSTRAINT; Schema: public; Owner: postgres
--

ALTER TABLE ONLY public.clientes
    ADD CONSTRAINT clientes_nit_cc_key UNIQUE (nit_cc);


--
-- Name: clientes clientes_pkey; Type: CONSTRAINT; Schema: public; Owner: postgres
--

ALTER TABLE ONLY public.clientes
    ADD CONSTRAINT clientes_pkey PRIMARY KEY (id);


--
-- Name: conductores conductores_documento_key; Type: CONSTRAINT; Schema: public; Owner: postgres
--

ALTER TABLE ONLY public.conductores
    ADD CONSTRAINT conductores_documento_key UNIQUE (documento);


--
-- Name: conductores conductores_pkey; Type: CONSTRAINT; Schema: public; Owner: postgres
--

ALTER TABLE ONLY public.conductores
    ADD CONSTRAINT conductores_pkey PRIMARY KEY (id);


--
-- Name: pedidos pedidos_pkey; Type: CONSTRAINT; Schema: public; Owner: postgres
--

ALTER TABLE ONLY public.pedidos
    ADD CONSTRAINT pedidos_pkey PRIMARY KEY (id);


--
-- Name: rutas rutas_pkey; Type: CONSTRAINT; Schema: public; Owner: postgres
--

ALTER TABLE ONLY public.rutas
    ADD CONSTRAINT rutas_pkey PRIMARY KEY (id);


--
-- Name: servicios servicios_pkey; Type: CONSTRAINT; Schema: public; Owner: postgres
--

ALTER TABLE ONLY public.servicios
    ADD CONSTRAINT servicios_pkey PRIMARY KEY (id);


--
-- Name: telefonos telefonos_pkey; Type: CONSTRAINT; Schema: public; Owner: postgres
--

ALTER TABLE ONLY public.telefonos
    ADD CONSTRAINT telefonos_pkey PRIMARY KEY (id);


--
-- Name: users users_email_key; Type: CONSTRAINT; Schema: public; Owner: postgres
--

ALTER TABLE ONLY public.users
    ADD CONSTRAINT users_email_key UNIQUE (email);


--
-- Name: users users_pkey; Type: CONSTRAINT; Schema: public; Owner: postgres
--

ALTER TABLE ONLY public.users
    ADD CONSTRAINT users_pkey PRIMARY KEY (id);


--
-- Name: vehiculos vehiculos_pkey; Type: CONSTRAINT; Schema: public; Owner: postgres
--

ALTER TABLE ONLY public.vehiculos
    ADD CONSTRAINT vehiculos_pkey PRIMARY KEY (id);


--
-- Name: vehiculos vehiculos_placa_key; Type: CONSTRAINT; Schema: public; Owner: postgres
--

ALTER TABLE ONLY public.vehiculos
    ADD CONSTRAINT vehiculos_placa_key UNIQUE (placa);


--
-- Name: pedidos pedidos_cliente_id_fkey; Type: FK CONSTRAINT; Schema: public; Owner: postgres
--

ALTER TABLE ONLY public.pedidos
    ADD CONSTRAINT pedidos_cliente_id_fkey FOREIGN KEY (cliente_id) REFERENCES public.clientes(id) DEFERRABLE;


--
-- Name: rutas rutas_servicio_id_fkey; Type: FK CONSTRAINT; Schema: public; Owner: postgres
--

ALTER TABLE ONLY public.rutas
    ADD CONSTRAINT rutas_servicio_id_fkey FOREIGN KEY (servicio_id) REFERENCES public.servicios(id) DEFERRABLE;


--
-- Name: servicios servicios_conductor_id_fkey; Type: FK CONSTRAINT; Schema: public; Owner: postgres
--

ALTER TABLE ONLY public.servicios
    ADD CONSTRAINT servicios_conductor_id_fkey FOREIGN KEY (conductor_id) REFERENCES public.conductores(id) DEFERRABLE;


--
-- Name: servicios servicios_pedido_id_fkey; Type: FK CONSTRAINT; Schema: public; Owner: postgres
--

ALTER TABLE ONLY public.servicios
    ADD CONSTRAINT servicios_pedido_id_fkey FOREIGN KEY (pedido_id) REFERENCES public.pedidos(id) DEFERRABLE;


--
-- Name: servicios servicios_usuario_asignador_id_fkey; Type: FK CONSTRAINT; Schema: public; Owner: postgres
--

ALTER TABLE ONLY public.servicios
    ADD CONSTRAINT servicios_usuario_asignador_id_fkey FOREIGN KEY (usuario_asignador_id) REFERENCES public.users(id) DEFERRABLE;


--
-- Name: servicios servicios_vehiculo_id_fkey; Type: FK CONSTRAINT; Schema: public; Owner: postgres
--

ALTER TABLE ONLY public.servicios
    ADD CONSTRAINT servicios_vehiculo_id_fkey FOREIGN KEY (vehiculo_id) REFERENCES public.vehiculos(id) DEFERRABLE;


--
-- Name: telefonos telefonos_cliente_id_fkey; Type: FK CONSTRAINT; Schema: public; Owner: postgres
--

ALTER TABLE ONLY public.telefonos
    ADD CONSTRAINT telefonos_cliente_id_fkey FOREIGN KEY (cliente_id) REFERENCES public.clientes(id) DEFERRABLE;


--
-- Name: telefonos telefonos_conductor_id_fkey; Type: FK CONSTRAINT; Schema: public; Owner: postgres
--

ALTER TABLE ONLY public.telefonos
    ADD CONSTRAINT telefonos_conductor_id_fkey FOREIGN KEY (conductor_id) REFERENCES public.conductores(id) DEFERRABLE;


--
-- PostgreSQL database dump complete
--

\unrestrict Bvqf326nmdUnX97QBtt5VorP9hhi25wVoMvFoJZCo4PUHIXGxpFYY7LtACBmaAB

